# Task 2
CREATE DATABASE MyFunkDB;

USE MyFunkDB;


# Task 3
CREATE TABLE Employees
	(
		EmployeeID int NOT NULL,
        Name char(50) NOT NULL,
        TelephoneNumber char(50) NOT NULL
    );
    
CREATE TABLE EmployeesSalaries
	(
		EmployeeID int NOT NULL,
        Salary double NOT NULL,
        Position char(50) NOT NULL
    );
    
CREATE TABLE EmployeesPrivate
	(
		EmployeeID int NOT NULL,
        MaritalStatus char(50) NOT NULL,
        BirthDate date NOT NULL,
        PlaceOfResidence char(50) NOT NULL
    );   
    
ALTER TABLE Employees ADD 
	CONSTRAINT PK_Employees PRIMARY KEY(EmployeeID);
    
ALTER TABLE EmployeesSalaries ADD 
	CONSTRAINT PK_Employees PRIMARY KEY(EmployeeID);

ALTER TABLE EmployeesPrivate ADD 
	CONSTRAINT PK_Employees PRIMARY KEY(EmployeeID);
    
ALTER TABLE EmployeesSalaries ADD CONSTRAINT
	FK_EmployeesSalaries_Employees FOREIGN KEY(EmployeeID) 
	REFERENCES Employees(EmployeeID) 
	 ON UPDATE CASCADE 
	 ON DELETE CASCADE;
     
ALTER TABLE EmployeesPrivate ADD CONSTRAINT
	FK_EmployeesPrivate_Employees FOREIGN KEY(EmployeeID) 
	REFERENCES Employees(EmployeeID) 
	 ON UPDATE CASCADE 
	 ON DELETE CASCADE;

INSERT Employees
(EmployeeID, Name, TelephoneNumber) 
VALUES
(1, 'Алексеев О. А.', '+48 888 902 234'),
(2, 'Петров П. В.', '+49 172 158 18 53'),
(3, 'Васильев С. Р.', '+370 5 232 72 74'),
(4, 'Иванов И. С.', '+420 222 372 584'),
(5, 'Соколов В. А.', '+ 33 2 41 32 62 45');

INSERT EmployeesSalaries
(EmployeeID, Salary, Position) 
VALUES
(1, 5000, 'Менеджер'),
(2, 2000, 'Junior'),
(3, 5000, 'Менеджер'),
(4, 6000, 'Middle'),
(5, 10000, 'Senior');

INSERT EmployeesPrivate
(EmployeeID, MaritalStatus, BirthDate, PlaceOfResidence) 
VALUES
(1, 'Холост', '1996-08-13', 'Щецин'),
(2, "Женат", '1992-09-15', 'Берлин'),
(3, 'Холост', '1990-04-24', 'Вильнюс'),
(4, 'Холост', '1997-02-07', 'Прага'),
(5, 'Женат', '1988-11-02', 'Марсель');

# Task 4
DELIMITER |

CREATE PROCEDURE Task741()
BEGIN
	SELECT e.Name, e.TelephoneNumber, ep.PlaceOfResidence
	FROM Employees e
	JOIN EmployeesPrivate ep ON ep.EmployeeID = e.EmployeeID;
END
|
CALL Task741(); |
DROP FUNCTION IF EXISTS Task741; |

CREATE PROCEDURE Task742()
BEGIN
	SELECT e.Name, ep.BirthDate, e.TelephoneNumber
	FROM EmployeesPrivate ep
	JOIN Employees e ON e.EmployeeID = ep.EmployeeID
	WHERE ep.MaritalStatus = 'Холост';
END
|
CALL Task742(); |
DROP FUNCTION IF EXISTS Task742; |

CREATE PROCEDURE Task743()
BEGIN
	SELECT e.Name, ep.BirthDate, e.TelephoneNumber
	FROM Employees e
	JOIN EmployeesPrivate ep ON ep.EmployeeID = e.EmployeeID
	JOIN EmployeesSalaries es ON es.EmployeeID = e.EmployeeID
	WHERE es.Position = 'Менеджер';
END
|
CALL Task743(); |
DROP FUNCTION IF EXISTS Task743; |